1,"System.Collections.Generic.List`1[Airport_REST_API.Shared.DTO.PilotDTO]","System.Collections.Generic.List`1[Airport_REST_API.Shared.DTO.StewardessDTO]"
2,"System.Collections.Generic.List`1[Airport_REST_API.Shared.DTO.PilotDTO]","System.Collections.Generic.List`1[Airport_REST_API.Shared.DTO.StewardessDTO]"
3,"System.Collections.Generic.List`1[Airport_REST_API.Shared.DTO.PilotDTO]","System.Collections.Generic.List`1[Airport_REST_API.Shared.DTO.StewardessDTO]"
4,"System.Collections.Generic.List`1[Airport_REST_API.Shared.DTO.PilotDTO]","System.Collections.Generic.List`1[Airport_REST_API.Shared.DTO.StewardessDTO]"
5,"System.Collections.Generic.List`1[Airport_REST_API.Shared.DTO.PilotDTO]","System.Collections.Generic.List`1[Airport_REST_API.Shared.DTO.StewardessDTO]"
6,"System.Collections.Generic.List`1[Airport_REST_API.Shared.DTO.PilotDTO]","System.Collections.Generic.List`1[Airport_REST_API.Shared.DTO.StewardessDTO]"
7,"System.Collections.Generic.List`1[Airport_REST_API.Shared.DTO.PilotDTO]","System.Collections.Generic.List`1[Airport_REST_API.Shared.DTO.StewardessDTO]"
8,"System.Collections.Generic.List`1[Airport_REST_API.Shared.DTO.PilotDTO]","System.Collections.Generic.List`1[Airport_REST_API.Shared.DTO.StewardessDTO]"
9,"System.Collections.Generic.List`1[Airport_REST_API.Shared.DTO.PilotDTO]","System.Collections.Generic.List`1[Airport_REST_API.Shared.DTO.StewardessDTO]"
10,"System.Collections.Generic.List`1[Airport_REST_API.Shared.DTO.PilotDTO]","System.Collections.Generic.List`1[Airport_REST_API.Shared.DTO.StewardessDTO]"
